DATE,Value,anomaly_kmeans,rolling_mean,rolling_std,z_score,anomaly_if,anomaly_svm,anomaly_lof,anomaly_dbscan,diff,cumsum,cumprod
5/1/1985,55.3151,1,63.68278,7.694199997530604,-1.0875308677556528,1,-1,-1,0,,55.3151,56.3151
6/1/1985,58.0904,1,60.79982,6.096826674754652,-0.4443983968281379,1,1,-1,0,2.7753000000000014,113.4055,3327.6817850400002
7/1/1985,62.6202,0,59.18946,3.223845946691597,1.0641761600056368,-1,1,1,0,4.5297999999999945,176.0257,211707.7807006018
8/1/1985,63.2485,0,59.349120000000006,3.4383373361262626,1.134088839692837,1,1,1,0,0.628300000000003,239.2742,13601907.348342616
9/1/1985,60.5846,0,59.971759999999996,3.292067364590201,0.1861565794770097,1,1,1,0,-2.663899999999998,299.85880000000003,837668023.2847407
10/1/1985,56.3154,1,60.171820000000004,2.951067442807753,-1.3067881621610344,-1,1,-1,0,-4.269200000000005,356.17420000000004,48011277821.77422
11/1/1985,58.0005,1,60.15384,2.9671493529985793,-0.7257268656947957,1,1,-1,0,1.6851000000000056,414.17470000000003,2832689397123.5903
12/1/1985,68.7145,0,61.372699999999995,4.87313478728015,1.5065866881342094,1,1,1,0,10.713999999999999,482.8892,197479524975772.53
1/1/1986,73.3057,0,63.38414,7.308183420180425,1.3575959208417152,1,1,1,0,4.591200000000001,556.1949,1.4673854338992262e+16
2/1/1986,67.9869,0,64.8646,7.348934377853714,0.42486431902415356,1,1,1,0,-5.318799999999996,624.1818,1.0123037218986254e+18
3/1/1986,62.2221,0,66.04594,5.977949284495495,-0.6396574842007403,1,1,1,0,-5.764800000000008,686.4038999999999,6.399996713624708e+19
4/1/1986,57.0329,1,65.85242,6.309953365279351,-1.3977155597582684,1,1,-1,0,-5.1892,743.4368,3.714103692821113e+21
5/1/1986,55.8137,1,63.27226,7.39189277303182,-1.0090189656445518,1,-1,-1,0,-1.2192000000000007,799.2505,2.1101197297283085e+23
6/1/1986,59.9005,0,60.59122,4.830095364690004,-0.14300338768659684,1,1,1,0,4.086800000000004,859.151,1.2850734660031886e+25
7/1/1986,65.7655,0,60.146939999999994,4.012774980982589,1.4001682194061675,1,1,1,0,5.865000000000002,924.9164999999999,8.57985724944359e+26
8/1/1986,64.4816,0,60.598839999999996,4.412237879806556,0.87999788446815,1,1,1,0,-1.2839000000000027,989.3980999999999,5.618227804651653e+28
9/1/1986,61.0005,0,61.39236000000001,3.9423471800438783,-0.09939763853970034,1,1,1,0,-3.481099999999998,1050.3986,3.483329330023048e+30
10/1/1986,57.5322,1,61.736059999999995,3.36738565255005,-1.2484046776217916,1,1,-1,0,-3.4682999999999993,1107.9308,2.0388692901077508e+32
11/1/1986,59.3417,0,61.624300000000005,3.451752176069411,-0.6612873356972142,1,1,1,0,1.8094999999999999,1167.2725,1.2302883904289488e+34
12/1/1986,68.1354,0,62.09828,4.236153116566959,1.4251420649526882,1,1,1,0,8.793700000000001,1235.4079000000002,8.505647998766155e+35
1/1/1987,73.8152,0,63.964999999999996,6.818408083636541,1.4446480584873538,1,1,1,0,5.6798,1309.2231000000002,6.363517561572896e+37
2/1/1987,70.062,0,65.7773,7.034304291825899,0.6091149632208785,1,1,1,0,-3.7532000000000068,1379.2851,4.5220428496049315e+39
3/1/1987,65.61,0,67.39286000000001,5.406521344450645,-0.3297610212581468,1,1,1,0,-4.451999999999998,1444.8951,3.012132742121845e+41
4/1/1987,60.1586,0,67.55624,5.10641183885519,-1.4486963122932295,1,1,1,0,-5.4514,1505.0537,1.8421782152233306e+43
5/1/1987,58.8734,0,65.70384,6.367910230837144,-1.0726344675719546,1,1,1,0,-1.2852000000000032,1563.9270999999999,1.1029747315135256e+45
6/1/1987,63.8918,0,63.71916,4.472015128328646,0.038604520567559676,1,1,1,0,5.018400000000007,1627.8189,7.15740156824294e+46
7/1/1987,68.8694,0,63.480639999999994,4.062159864899494,1.326575068244719,1,1,1,0,4.977599999999995,1696.6883,5.0008335313219325e+48
8/1/1987,70.0669,0,64.37201999999999,5.021862859736445,1.134017427210047,1,1,1,0,1.1975000000000051,1766.7552,3.5539373648710267e+50
9/1/1987,64.1151,0,65.16332,4.473777700892202,-0.23430310356970907,1,1,1,0,-5.951800000000006,1830.8703,2.3141498690731338e+52
10/1/1987,60.3789,0,65.46441999999999,3.966516820461036,-1.2821122990747555,1,1,1,0,-3.7361999999999966,1891.2492,1.4203997339885297e+54
11/1/1987,62.4643,0,65.17892,4.154908478173775,-0.6533525381510141,1,1,1,0,2.0854,1953.7135,9.014467483776825e+55
12/1/1987,70.5777,1,65.52058000000001,4.582482485727613,1.1035765037292895,1,1,1,0,8.113399999999992,2024.2912000000001,6.452348492135323e+57
1/1/1988,79.8703,0,67.48125999999999,7.906021299490688,1.5670385305941585,1,1,1,0,9.292600000000007,2104.1615,5.218033582635312e+59
2/1/1988,76.1622,0,69.89068,8.441295125867864,0.7429570825904762,1,1,1,0,-3.7081000000000017,2180.3237000000004,4.0263495091002245e+61
3/1/1988,70.2928,0,71.87346,6.615370599822862,-0.23893748296464593,1,1,1,0,-5.869399999999999,2250.6165000000005,2.8704973028238047e+63
4/1/1988,63.2384,0,72.02828,6.343591960159538,-1.3856313670873206,1,1,1,0,-7.054400000000001,2313.8549000000007,1.843961539377167e+65
5/1/1988,61.4065,0,70.19404,7.982175173034018,-1.1008954087711236,1,1,1,0,-1.8318999999999974,2375.261400000001,1.1507518580714118e+67
6/1/1988,67.1097,0,67.64192,5.877436625519715,-0.09055308188081627,1,1,1,0,5.7032000000000025,2442.3711000000008,7.837736382768644e+68
7/1/1988,72.9816,0,67.00580000000001,4.797676862294975,1.2455611687739763,1,1,1,0,5.871899999999997,2515.352700000001,5.798482779754366e+70
8/1/1988,75.7655,0,68.10034,6.164590398639689,1.243417567806522,1,1,1,0,2.7839000000000027,2591.118200000001,4.451234298292338e+72
9/1/1988,67.5152,0,68.95570000000001,5.591386763138524,-0.25762839542715543,1,1,1,0,-8.25030000000001,2658.6334000000006,3.0497720819435917e+74
10/1/1988,63.2832,0,69.33104,4.988408031927696,-1.2123787712014615,1,1,1,0,-4.231999999999992,2721.9166000000005,1.9604910869799626e+76
11/1/1988,65.1078,0,68.93066,5.282914506974414,-0.7236270802703945,1,1,1,0,1.8245999999999967,2787.0244000000002,1.2960375267985396e+78
12/1/1988,73.8631,0,69.10696,5.463519556384945,0.8705267640969157,1,1,1,0,8.755300000000005,2860.8875000000003,9.702538697247175e+79
1/1/1989,77.9188,0,69.53762,6.160057078631722,1.3605685617870342,1,1,1,0,4.055700000000002,2938.8063,7.657127109403104e+81
2/1/1989,76.6822,0,71.37102,6.744132185982193,0.7875260824571888,1,1,1,0,-1.23660000000001,3015.4885000000004,5.948224795380737e+83
3/1/1989,73.3523,0,73.38484,5.004212198038884,-0.0065025220179011495,1,1,1,0,-3.329899999999995,3088.8408000000004,4.422641944535872e+85
4/1/1989,65.1081,0,73.38489999999999,5.0040881472053576,-1.654007634662142,1,1,1,0,-8.244200000000006,3153.9489000000003,2.9237245593357186e+87
5/1/1989,63.6892,0,71.35011999999999,6.581030841517221,-1.1640911863944108,1,1,1,0,-1.4188999999999936,3217.6381,1.8913340276378017e+89
6/1/1989,68.4722,0,69.46079999999999,5.4892413870224885,-0.18009774580822982,1,1,1,0,4.783000000000001,3286.1103000000003,1.3139513583485889e+91
7/1/1989,74.0301,0,68.93038,4.686422987418073,1.088190292189061,1,1,1,0,5.557900000000004,3360.1404,9.858590181203046e+92
8/1/1989,75.0448,0,69.26888,5.1261604995357475,1.1267536395949946,1,1,1,0,1.0146999999999906,3435.1852000000003,7.496945186115494e+94
9/1/1989,69.3053,0,70.10832,4.590098705583652,-0.1749461289412285,1,1,1,0,-5.7394999999999925,3504.4905000000003,5.270749803934057e+96
10/1/1989,65.8735,0,70.54518,3.8746093373398027,-1.205716394419118,1,1,1,0,-3.4317999999999955,3570.3640000000005,3.524734870133842e+98
11/1/1989,69.0706,0,70.66486,3.80315374564332,-0.41919420213455755,1,1,1,0,3.197099999999992,3639.4346000000005,2.469802871912004e+100
12/1/1989,84.1949,0,72.69782000000001,7.227178287340172,1.5908117307884044,1,1,1,0,15.124300000000005,3723.6295000000005,2.10414608692256e+102
1/1/1990,84.3598,0,74.56082,8.973127121968218,1.0920362396304304,1,1,1,0,0.16490000000000293,3807.9893000000006,1.7960948915049237e+104
2/1/1990,77.1726,0,76.13428000000002,8.498383137809329,0.12217853480628524,1,1,1,0,-7.187200000000004,3885.1619000000005,1.404054075156578e+106
3/1/1990,73.1964,0,77.59886,6.736331042043754,-0.6535397343929122,1,1,1,0,-3.9762000000000057,3958.3583000000003,1.0417575778194752e+108
4/1/1990,67.2781,0,77.24036000000001,7.325586678417112,-1.3599265748026923,1,1,1,0,-5.918300000000002,4025.6364000000003,7.112922807411591e+109
5/1/1990,65.8218,0,73.56574,7.569025793852308,-1.023109209944795,1,1,1,0,-1.4562999999999988,4091.4582000000005,4.752983052522958e+111
6/1/1990,71.4654,0,70.98686000000001,4.5773134159680415,0.10454604186171734,1,1,-1,0,5.643600000000006,4162.9236,3.444268180942972e+113
7/1/1990,76.614,0,70.87514000000002,4.391642940631785,1.3067683501551681,1,1,1,0,5.148600000000002,4239.5376,2.6732343059570784e+115
8/1/1990,77.1052,0,71.6569,5.1844905005218305,1.0508843635554197,1,1,1,0,0.4911999999999921,4316.6428,2.087935001136388e+117
9/1/1990,73.061,0,72.81348,4.572334958421274,0.05413426668230619,1,1,1,0,-4.044199999999989,4389.703799999999,1.5463455411916204e+119
10/1/1990,67.4365,0,73.13642,3.9727780383506603,-1.434744137471719,1,1,1,0,-5.624500000000012,4457.140299999999,1.0582647662976032e+121
11/1/1990,68.5665,0,72.55664,4.459344068694547,-0.8947818195979869,1,1,1,0,1.1300000000000097,4525.706799999999,7.361977586464221e+122
12/1/1990,77.6839,0,72.77062000000001,4.720717260862088,1.0407909918127003,1,1,1,0,9.11739999999999,4603.390699999999,5.792691082155921e+124
1/1/1991,86.0214,0,74.55386,7.583461415673028,1.5121775362764553,1,1,1,0,8.337500000000006,4689.412099999999,5.040880877367233e+126
2/1/1991,77.5573,0,75.45312,7.628633991220298,0.2758265768709935,1,1,1,0,-8.464100000000002,4766.969399999999,3.9599799134760095e+128
3/1/1991,73.365,0,76.63882,6.439115869977953,-0.5084269434044537,1,1,1,0,-4.192300000000003,4840.334399999999,2.9448390626564342e+130
4/1/1991,67.15,0,76.35552,6.897878534520732,-1.3345436504760948,1,1,1,0,-6.214999999999989,4907.4843999999985,2.00690782120036e+132
5/1/1991,68.8162,0,74.58198,7.577473937401672,-0.7609105683017501,1,1,1,0,1.6661999999999892,4976.300599999999,1.4011467782648856e+134
6/1/1991,74.8448,0,72.34666,4.298194737096172,0.5812067979236629,1,1,1,0,6.0286000000000115,5051.1453999999985,1.0626969716814461e+136
7/1/1991,80.0928,0,72.85376,5.1347851861593306,1.4098038647288755,1,1,1,0,5.2479999999999905,5131.238199999999,8.617707298516917e+137
8/1/1991,79.1606,0,74.01288,5.879224953342192,0.8755779955440652,1,1,1,0,-0.9321999999999946,5210.398799999999,6.908005876734951e+139
9/1/1991,73.5743,0,75.29774,4.557961403741999,-0.37811640936342716,1,1,1,0,-5.5863000000000085,5283.973099999999,5.151597026533952e+141
10/1/1991,68.7538,0,75.28526,4.580176302065427,-1.42602807604909,1,1,1,0,-4.820499999999996,5352.7269,3.59343468669444e+143
11/1/1991,72.5166,0,74.81962000000001,4.751300610569873,-0.48471359502630845,1,1,1,0,3.7627999999999986,5425.2435,2.641771004878405e+145
12/1/1991,79.4894,0,74.69894000000001,4.588764256093535,1.0439542614634483,1,1,1,0,6.9728000000000065,5504.7329,2.1263456312005987e+147
1/1/1992,85.2855,0,75.92392,6.497941833150088,1.4406992614554806,1,1,1,0,5.796099999999996,5590.0184,1.8347279596095927e+149
2/1/1992,80.1643,0,77.24192000000001,6.57014993489511,0.44479654634345034,1,1,1,0,-5.121200000000002,5670.1827,1.4891441053214085e+151
3/1/1992,74.5275,0,78.39666,5.03289809980318,-0.7687737608181067,1,1,1,0,-5.636799999999994,5744.7102,1.124713314146627e+153
4/1/1992,69.6441,0,77.82216,5.951936719085843,-1.3740166245006833,1,1,1,0,-4.883400000000009,5814.354300000001,7.945435983590573e+154
5/1/1992,67.1784,0,75.35996,7.448154072520371,-1.0984681466493158,1,1,1,0,-2.4656999999999982,5881.532700000001,5.417071126636315e+156
6/1/1992,71.2078,1,72.54442,5.024633251989748,-0.2660134447565296,1,1,1,0,4.02940000000001,5952.740500000001,3.9115478849792973e+158
7/1/1992,77.5081,0,72.01318,4.066700920525253,1.351198454812918,1,1,1,0,6.300299999999993,6030.248600000001,3.070881925087432e+160
8/1/1992,76.5374,0,72.41516,4.457887600983346,0.9247070291971242,1,1,1,0,-0.9706999999999937,6106.786000000001,2.3810820017827426e+162
9/1/1992,72.3541,0,72.95716,4.193661355307695,-0.14380274154391084,1,1,1,0,-4.183300000000003,6179.1401000000005,1.746621272669715e+164
10/1/1992,69.0286,0,73.32719999999999,3.595206905728968,-1.1956474586066708,1,1,1,0,-3.3255000000000052,6248.1687,1.223134424552784e+166
11/1/1992,73.4992,0,73.78548,3.3981493355945056,-0.08424585611977536,1,1,1,0,4.470600000000005,6321.6679,9.112253612164277e+167
12/1/1992,84.5159,0,75.18704,5.866255985976214,1.5902579127643666,1,1,1,0,11.0167,6406.183800000001,7.792425686724791e+169
1/1/1993,87.9464,0,77.46884,8.255249488234883,1.2691996789354798,1,1,1,0,3.430499999999995,6494.1302000000005,6.931082121016979e+171
2/1/1993,84.5561,0,79.90924,8.168345987591545,0.5688862845745031,1,1,1,0,-3.3902999999999963,6578.6863,5.929963550539408e+173
3/1/1993,79.4747,0,81.99846,5.631691616468656,-0.44813533337297967,1,1,1,0,-5.081400000000002,6658.161,4.772120377405937e+175
4/1/1993,71.0578,1,81.51017999999999,6.578988063296914,-1.5887519325824726,1,1,1,0,-8.416899999999998,6729.2188,3.4386849573104154e+177
5/1/1993,67.6762,0,78.14223999999999,8.642364931718788,-1.2110157442655587,1,1,1,0,-3.381600000000006,6796.8949999999995,2.3615581586524153e+179
6/1/1993,74.3297,0,75.41890000000001,6.709934623750236,-0.16232646979073587,1,1,1,0,6.653500000000008,6871.2247,1.7789546762383885e+181
7/1/1993,82.1048,0,74.92864,5.918275746617598,1.2125423530833792,1,1,1,0,7.775099999999995,6953.3295,1.4783967257785602e+183
8/1/1993,82.0605,0,75.4458,6.499296970827091,1.0177562326649958,1,1,1,0,-0.04429999999999268,7035.389999999999,1.227963712415301e+185
9/1/1993,74.6031,0,76.15486,6.0808143642938415,-0.2551895037467084,1,1,1,0,-7.457400000000007,7109.9931,9.283786334610525e+186
10/1/1993,69.681,0,76.55582000000001,5.411204963499569,-1.2704785803481904,1,1,1,0,-4.9221,7179.674099999999,6.561873019166066e+188
11/1/1993,74.4292,0,76.57571999999999,5.401145224579911,-0.3974194195392972,1,1,1,0,4.748199999999997,7254.103299999999,4.949568323372809e+190
12/1/1993,84.2284,0,77.00044,5.995421776072344,1.205579902459356,1,1,1,0,9.799199999999999,7338.331699999999,4.2184378889174713e+192
1/1/1994,94.1386,0,79.41605999999999,9.781571322543373,1.5051303634692408,1,1,1,0,9.910200000000003,7432.470299999999,4.013362749385637e+194
2/1/1994,87.1607,0,81.92757999999999,9.8487658029828,0.5313477957222934,1,1,1,0,-6.977899999999991,7519.630999999999,3.5382086933976236e+196
3/1/1994,79.2456,0,83.84049999999999,7.531778205709711,-0.6100684160503667,1,1,1,0,-7.91510000000001,7598.8766,2.8392567952690834e+198
4/1/1994,70.9749,1,83.14964,8.681523335970686,-1.4023736997348906,1,1,1,0,-8.27069999999999,7669.8515,2.0435522391381277e+200
5/1/1994,69.3844,0,80.18084,10.55609577035956,-1.0227682880933409,1,1,1,0,-1.5905000000000058,7739.2359,1.4383419822039364e+202
6/1/1994,77.9831,0,76.94973999999999,7.1332950396715225,0.14486432907275157,1,1,1,0,8.598699999999994,7817.219,1.1360470861461172e+204
7/1/1994,83.277,1,76.17299999999999,5.8371543225275575,1.217031383354603,1,1,1,0,5.293900000000008,7900.496,9.574264027913632e+205
8/1/1994,81.8872,0,76.70132,6.286992188399973,0.824858667642119,1,1,1,0,-1.389799999999994,7982.3832,7.935839373344829e+207
9/1/1994,75.6826,0,77.64286,5.520835527164569,-0.35506582117050856,1,1,1,0,-6.204600000000013,8058.0658,6.0854079633045216e+209
10/1/1994,71.2661,1,78.0192,4.8391953675174735,-1.395500591963984,1,1,-1,0,-4.416499999999999,8129.3319,4.397687004169608e+211
11/1/1994,75.2458,0,77.47174,4.996577061149208,-0.4454929790451446,1,1,1,0,3.9797000000000082,8204.5777,3.353051637825151e+213
12/1/1994,84.8147,0,77.77928,5.468277675557681,1.2865879198942647,1,1,1,0,9.5689,8289.3924,2.87741120384474e+215
1/1/1995,92.4532,0,79.89248,8.598387831274126,1.4608226851915236,1,1,1,0,7.638499999999993,8381.8456,2.6890328471514326e+217
2/1/1995,87.4033,0,82.23662,8.759900954748487,0.5898103216794127,1,1,1,0,-5.049899999999994,8469.2489,2.3771937749658224e+219
3/1/1995,81.2661,0,84.23662,6.471728110559331,-0.4589995051172313,1,1,1,0,-6.137200000000007,8550.515000000001,1.9556246081071584e+221
4/1/1995,73.8167,0,83.9508,6.97969344097603,-1.451940559524469,1,1,1,0,-7.449399999999997,8624.3317,1.4631337961737083e+223
5/1/1995,73.2682,0,81.6415,8.390050196810703,-0.9980035641721107,1,1,1,0,-0.5485000000000042,8697.599900000001,1.086643134009882e+225
6/1/1995,78.3026,0,78.81138,5.826218101564916,-0.08732594474335655,1,1,1,0,5.034400000000005,8775.902500000002,8.617362579913207e+226
7/1/1995,85.9841,0,78.52754,5.315149731005009,1.4028880421756398,1,1,1,0,7.6815,8861.886600000002,7.495735283874284e+228
8/1/1995,89.5467,0,80.18366,7.300886514869476,1.2824524776450916,1,-1,1,0,3.5626000000000033,8951.433300000002,6.7871409402837965e+230
9/1/1995,78.5035,0,81.12102,6.54032328612303,-0.4002126325396999,1,1,1,0,-11.043199999999999,9029.936800000003,5.396014597458528e+232
10/1/1995,73.7066,0,81.2087,6.410376701489794,-1.1703056387086401,1,1,1,0,-4.796900000000008,9103.643400000003,4.031179041264952e+234
11/1/1995,79.6543,0,81.47904,6.28444590620392,-0.29035813614031314,1,1,1,0,5.947700000000012,9183.297700000003,3.2513192374789587e+236
12/1/1995,90.8251,0,82.44724,7.421981829538752,1.128790152335992,1,-1,1,0,11.1708,9274.122800000003,2.985527141134292e+238
1/1/1996,98.9732,0,84.33254000000001,10.311116553167446,1.419890845429593,1,1,1,0,8.1481,9373.096000000003,2.984727019860468e+240
2/1/1996,92.8883,0,87.2095,10.284883639837844,0.5521501456762743,1,1,1,0,-6.084900000000005,9465.984300000004,2.802309458587656e+242
3/1/1996,86.9356,0,89.8553,7.173924144776305,-0.40698785505363705,1,1,1,0,-5.952700000000007,9552.919900000004,2.4642276362658065e+244
4/1/1996,77.2214,0,89.36872000000001,8.065853616760247,-1.5060179092215082,1,1,1,0,-9.714199999999991,9630.141300000005,1.9275533562740218e+246
5/1/1996,76.6826,0,86.54022,9.734558476993394,-1.0126417159337489,1,1,1,0,-0.538800000000009,9706.823900000005,1.497373563540923e+248
6/1/1996,81.9306,0,83.1317,6.848833420371919,-0.1753729323343321,1,1,1,0,5.248000000000005,9788.754500000005,1.2417808804858686e+250
7/1/1996,85.9606,0,81.74616,4.765472250260518,0.8843698543768882,1,1,1,0,4.030000000000001,9874.715100000005,1.0798601043557942e+252
8/1/1996,86.5562,0,81.67028,4.664126699823136,1.0475530178426056,1,1,1,0,0.5956000000000046,9961.271300000006,9.45484472689968e+253
9/1/1996,79.1919,0,82.06438,4.259975692654025,-0.6742949273051839,1,1,1,0,-7.3643,10040.463200000006,7.582019628550665e+255
10/1/1996,74.6891,0,81.66568,4.9301613124727535,-1.415081486755826,1,1,1,0,-4.502800000000008,10115.152300000005,5.738762418673341e+257
11/1/1996,81.074,0,81.49436,4.9335360587516774,-0.08520460679603609,1,1,1,0,6.384900000000002,10196.226300000006,4.710031867501958e+259
12/1/1996,90.4855,0,82.39934000000001,6.208008274237658,1.3025369237274367,1,-1,1,0,9.411500000000004,10286.711800000006,4.308996204143504e+261
1/1/1997,98.4613,0,84.78036,9.572333306357635,1.4292168442268463,1,1,1,0,7.9757999999999925,10385.173100000007,4.285783641591783e+263
2/1/1997,89.7795,0,86.89788,9.19047496770456,0.3135441867940499,1,-1,1,0,-8.681799999999996,10474.952600000008,3.890612960918812e+265
3/1/1997,83.0125,0,88.56256,6.892847591380826,-0.8051911675720329,1,1,1,0,-6.766999999999996,10557.965100000009,3.2686012137919173e+267
4/1/1997,76.1476,0,87.57728,8.41493032068622,-1.3582619896331996,1,1,1,0,-6.864900000000006,10634.112700000009,2.5216473900113332e+269
5/1/1997,73.8471,0,84.2496,10.098725631979697,-1.030080465505305,1,1,1,0,-2.3004999999999995,10707.95980000001,1.8873799436491725e+271
6/1/1997,79.7645,0,80.51024,6.2483333104119145,-0.11935022716495189,1,1,1,0,5.917400000000001,10787.724300000009,1.5243329745885358e+273
7/1/1997,88.4519,0,80.24472,5.765521548134486,1.423493075427936,1,1,1,0,8.687399999999997,10876.176200000009,1.3635448080959624e+275
8/1/1997,87.7828,0,81.19877999999999,6.662879378091971,0.9881643695440057,1,1,1,0,-0.6691000000000003,10963.95900000001,1.210593259882222e+277
9/1/1997,81.9386,0,82.35698,6.039487239576179,-0.06927409288298438,1,1,1,0,-5.844200000000001,11045.89760000001,1.0040491014406765e+279
10/1/1997,77.5027,0,83.0881,4.857337719883557,-1.1498891619448461,1,1,1,0,-4.4358999999999895,11123.400300000008,7.8820565395667e+280
11/1/1997,82.0448,0,83.54416,4.565553723591881,-0.32840704343314814,1,1,1,0,4.542099999999991,11205.445100000008,6.545638089170087e+282
12/1/1997,92.101,0,84.27398000000001,5.697533148828875,1.3737559388502776,1,1,1,0,10.056200000000004,11297.546100000009,6.094054517398242e+284
1/1/1998,94.792,0,85.67582,7.388143980865843,1.2338931162697295,1,1,1,0,2.6910000000000025,11392.338100000008,5.837616703306125e+286
2/1/1998,87.82,0,86.8521,7.10723587761124,0.13618515224027064,1,1,1,0,-6.972000000000008,11480.158100000008,5.184971155876499e+288
3/1/1998,86.5549,0,88.66254,4.958321031156088,-0.42507130675009636,1,1,1,0,-1.2650999999999897,11566.713000000007,4.5396963105565135e+290
4/1/1998,76.7521,0,87.604,6.906543155226392,-1.571249141010295,1,1,1,0,-9.802800000000005,11643.465100000007,3.529709215080211e+292
5/1/1998,78.0303,0,84.78986,7.460515337629428,-0.9060446489408132,1,1,1,0,1.2781999999999982,11721.495400000007,2.789539781805536e+294
6/1/1998,86.4579,0,83.12304,5.279329140904515,0.6316825321916991,1,1,1,0,8.427599999999998,11807.953300000006,2.4396729128317037e+296
7/1/1998,93.8379,0,84.32662,7.01763906538402,1.3553390123633442,1,1,1,0,7.38000000000001,11901.791200000007,2.3137345573984184e+298
8/1/1998,93.531,0,85.72184,8.170238940692261,0.9558055837395544,1,1,1,0,-0.30689999999999884,11995.322200000008,2.187196414454299e+300
9/1/1998,87.5414,0,87.8797,6.45337085212098,-0.052422215885643296,1,1,1,0,-5.98960000000001,12082.863600000008,1.9365743261076388e+302
10/1/1998,80.0924,0,88.29212,5.686934390953067,-1.4418523999581112,1,1,1,0,-7.448999999999998,12162.956000000007,1.5704145988245107e+304
11/1/1998,81.4349,0,87.28752,6.48027561890731,-0.9031436846488418,1,1,1,0,1.3425000000000011,12244.390900000008,1.2945697041263865e+306
12/1/1998,91.6841,0,86.85676,5.988959739637962,0.8060398149031177,1,-1,1,0,10.249200000000002,12336.075000000008,1.1998602791422042e+308
1/1/1999,102.1348,0,88.57752,8.909805088047925,1.5216135331833949,1,1,1,0,10.450699999999998,12438.209800000008,inf
2/1/1999,91.1829,0,89.30582,8.952665282864363,0.20966717069080948,1,-1,1,0,-10.951899999999995,12529.392700000008,inf
3/1/1999,90.7381,0,91.43496,7.333126803622396,-0.09502903995274814,1,-1,1,0,-0.44480000000000075,12620.130800000008,inf
4/1/1999,80.5176,0,91.25150000000001,7.650461691623924,-1.4030395069819082,1,1,1,0,-10.220500000000001,12700.648400000007,inf
5/1/1999,79.3887,0,88.79242,9.2793017682908,-1.0134081458730406,1,1,1,0,-1.1289000000000016,12780.037100000007,inf
6/1/1999,87.8431,0,85.93408000000001,5.622573517705603,0.33952779701118246,1,1,1,0,8.454400000000007,12867.880200000007,inf
7/1/1999,97.4903,0,87.19556,7.491541600231864,1.3741817838509207,1,1,1,0,9.647199999999998,12965.370500000006,inf
8/1/1999,96.4157,0,88.33108,8.522135087641171,0.9486613292160018,1,1,1,0,-1.0746000000000038,13061.786200000006,inf
9/1/1999,87.2248,0,89.67251999999999,7.444515181796935,-0.3287950847336665,1,1,1,0,-9.1909,13149.011000000006,inf
10/1/1999,80.6409,0,89.92296,7.021090197256056,-1.3220254603234645,1,1,1,0,-6.5839,13229.651900000006,inf
11/1/1999,82.2025,0,88.79484,7.843775263736514,-0.8404549822427754,1,1,1,0,1.5615999999999985,13311.854400000006,inf
12/1/1999,94.5113,0,88.19904,7.095619135636064,0.8895996077774496,1,1,1,0,12.308800000000005,13406.365700000006,inf
1/1/2000,102.2301,0,89.36192000000001,8.999818572727168,1.4298266010600926,1,1,1,0,7.7187999999999874,13508.595800000006,inf
2/1/2000,94.2989,0,90.77673999999999,9.13488983009676,0.38557224723121875,1,1,1,0,-7.93119999999999,13602.894700000006,inf
3/1/2000,88.0927,0,92.2671,7.535711685037156,-0.5539490063411872,1,1,1,0,-6.20620000000001,13690.987400000005,inf
4/1/2000,81.4425,0,92.11510000000001,7.79275423711062,-1.3695542904683182,1,1,1,0,-6.650199999999998,13772.429900000005,inf
5/1/2000,84.4552,0,90.10388,8.300833369728915,-0.6804955295933703,1,1,1,0,3.0127000000000095,13856.885100000005,inf
6/1/2000,91.0406,0,87.86598000000001,5.108977132166935,0.6213807417559332,1,-1,1,0,6.585399999999993,13947.925700000005,inf
7/1/2000,95.9957,0,88.20533999999999,5.668788469594251,1.3742548415389382,1,1,1,0,4.955100000000002,14043.921400000005,inf
8/1/2000,99.3704,0,90.46088,7.545681288459333,1.180744277342667,1,1,1,0,3.3747000000000043,14143.291800000005,inf
9/1/2000,90.9178,0,92.35594,5.67165232696837,-0.25356631843629307,1,-1,1,0,-8.452600000000004,14234.209600000004,inf
10/1/2000,83.1408,0,92.09306000000001,6.14048336191913,-1.4579080297682128,1,1,1,0,-7.777000000000001,14317.350400000003,inf
11/1/2000,88.041,0,91.49314000000001,6.409643941593441,-0.5385852991924244,1,1,1,0,4.900199999999998,14405.391400000002,inf
12/1/2000,102.4558,0,92.78515999999999,7.998350316659421,1.209079324752436,1,1,1,0,14.4148,14507.847200000002,inf
1/1/2001,109.1081,0,94.7327,10.723838576741366,1.3405088016877094,1,1,1,0,6.652299999999997,14616.955300000001,inf
2/1/2001,97.1717,0,95.98348,10.530620366673876,0.11283475793699166,1,1,1,0,-11.936399999999992,14714.127000000002,inf
3/1/2001,92.8283,0,97.92098,8.21320676149134,-0.6200598801283899,1,1,1,0,-4.343400000000003,14806.955300000001,inf
4/1/2001,82.915,0,96.89577999999999,9.901228673604443,-1.4120247558034047,1,1,1,0,-9.913299999999992,14889.870300000002,inf
5/1/2001,82.5465,0,92.91392,11.043655257748943,-0.9387670801047105,1,1,1,0,-0.3685000000000116,14972.416800000003,inf
6/1/2001,90.3955,0,89.17139999999999,6.362153320221469,0.19240341098183336,1,-1,1,0,7.849000000000004,15062.812300000003,inf
7/1/2001,96.074,0,88.95186,6.027189998084098,1.1816684063824041,1,1,1,0,5.6785,15158.886300000004,inf
8/1/2001,99.5534,0,90.29688,7.642456188752752,1.211196998894495,1,1,1,0,3.4793999999999983,15258.439700000004,inf
9/1/2001,88.281,0,91.37008,6.660356128391746,-0.46380102511814264,1,1,1,0,-11.27239999999999,15346.720700000005,inf
10/1/2001,82.686,0,91.39797999999999,6.6142868929315,-1.317145769608244,1,1,1,0,-5.594999999999999,15429.406700000005,inf
11/1/2001,82.9319,0,89.90526,7.657082405068211,-0.9107071899062159,1,1,1,0,0.2458999999999918,15512.338600000005,inf
12/1/2001,93.0381,0,89.29808,7.149154484063487,0.5231415838526156,1,1,1,0,10.106200000000001,15605.376700000004,inf
1/1/2002,102.9955,0,89.9865,8.433856698154482,1.542473445493408,1,1,1,0,9.957400000000007,15708.372200000005,inf
2/1/2002,95.2075,0,91.3718,8.649777244530952,0.44344494564010006,1,1,1,0,-7.788000000000011,15803.579700000006,inf
3/1/2002,93.2556,0,93.48572,7.159554411554244,-0.03214166507745605,1,1,1,0,-1.9518999999999949,15896.835300000006,inf
4/1/2002,85.795,0,94.05834000000002,6.147386979278751,-1.3442036474771462,1,1,1,0,-7.4605999999999995,15982.630300000006,inf
5/1/2002,85.2351,0,92.49774,7.3449434873936,-0.9887945376931939,1,1,1,0,-0.559899999999999,16067.865400000006,inf
6/1/2002,93.1896,0,90.53656,4.659327999079405,0.5694040000026173,1,1,1,0,7.954499999999996,16161.055000000006,inf
7/1/2002,102.393,0,91.97366000000001,6.9869263011717475,1.4912623306549846,1,1,1,0,9.203400000000002,16263.448000000006,inf
8/1/2002,101.6293,0,93.64840000000001,8.25882558025085,0.9663480506338025,1,1,1,0,-0.7637,16365.077300000006,inf
9/1/2002,93.3089,0,95.15118,7.070721849783516,-0.2605504839730624,1,1,1,0,-8.320400000000006,16458.386200000008,inf
10/1/2002,86.9002,0,95.4842,6.503382710175228,-1.3199284714660002,1,1,1,0,-6.408699999999996,16545.286400000008,inf
11/1/2002,88.5749,0,94.56126,7.20052242569981,-0.8313785647877068,1,1,1,0,1.6747000000000014,16633.861300000008,inf
12/1/2002,100.8003,0,94.24271999999999,6.791027588812002,0.9656241142067221,1,1,1,0,12.225399999999993,16734.661600000007,inf
1/1/2003,110.1807,0,95.953,9.60864944776352,1.4807179799146064,1,1,1,0,9.380400000000009,16844.842300000008,inf
2/1/2003,103.8413,0,98.05948,10.029360634756669,0.5764893905562792,1,1,1,0,-6.339399999999998,16948.683600000008,inf
3/1/2003,94.5532,0,99.59008,8.342707691271881,-0.6037464317813228,1,1,1,0,-9.2881,17043.236800000006,inf
4/1/2003,85.062,0,98.8875,9.561196463571225,-1.446001036865632,1,1,1,0,-9.491200000000006,17128.298800000008,inf
5/1/2003,85.4653,0,95.8205,11.125759696083962,-0.9307409366072155,1,1,1,0,0.40330000000000155,17213.764100000008,inf
6/1/2003,91.0761,0,91.99958,7.7205400450360715,-0.11961339422023336,1,-1,1,0,5.610799999999998,17304.840200000006,inf
7/1/2003,102.22,0,91.67532,7.108654655207656,1.483358034881492,1,1,1,0,11.143900000000002,17407.060200000007,inf
8/1/2003,104.4682,0,93.65832,9.190294125163012,1.1762278609128032,1,1,1,0,2.248199999999997,17511.528400000007,inf
9/1/2003,92.9135,0,95.22862,7.940007135828408,-0.29157656415109295,1,1,1,0,-11.554699999999997,17604.441900000005,inf
10/1/2003,86.5047,0,95.4365,7.6279608274430775,-1.1709289287205176,1,1,1,0,-6.408799999999999,17690.946600000007,inf
11/1/2003,88.5735,0,94.93598,8.055715750757718,-0.7898093970609069,1,1,1,0,2.068799999999996,17779.520100000005,inf
12/1/2003,103.5428,0,95.20054,8.370314632856164,0.9966483180039559,1,1,1,0,14.969300000000004,17883.062900000004,inf
1/1/2004,113.7226,0,97.05142,11.405010621520981,1.4617417338079361,1,1,1,0,10.1798,17996.785500000005,inf
2/1/2004,106.159,0,99.70052000000001,11.73705719705783,0.550263996465738,1,1,1,0,-7.563599999999994,18102.944500000005,inf
3/1/2004,95.4029,0,101.48016,9.740871702933337,-0.6238928286233262,1,1,-1,0,-10.756100000000004,18198.347400000006,inf
4/1/2004,86.7233,0,101.11012,10.368663400217374,-1.3875288882170085,1,1,1,0,-8.679600000000008,18285.070700000007,inf
5/1/2004,89.0302,0,98.2076,11.488256463667872,-0.7988505504750827,1,1,1,0,2.306899999999999,18374.10090000001,inf
6/1/2004,95.5045,0,94.56397999999999,7.552016905900418,0.1245389161225493,1,1,-1,0,6.4742999999999995,18469.605400000008,inf
7/1/2004,101.7948,0,93.69113999999999,5.9616033525390995,1.3593088169055367,1,1,1,0,6.290300000000002,18571.400200000007,inf
8/1/2004,100.2025,0,94.65106,6.652505408716753,0.8344886112720732,1,1,1,0,-1.5922999999999945,18671.602700000007,inf
9/1/2004,94.024,0,96.1112,5.096741468331114,-0.40951655346242866,1,1,1,0,-6.1785,18765.626700000008,inf
10/1/2004,87.5262,0,95.8104,5.635076644998354,-1.4701131008311987,1,1,1,0,-6.497799999999998,18853.15290000001,inf
11/1/2004,89.6144,0,94.63238,6.292347351506084,-0.7974734577866132,1,-1,1,0,2.0882000000000005,18942.767300000007,inf
12/1/2004,105.7263,0,95.41868,7.534221974232359,1.3681067581036082,1,1,1,0,16.11189999999999,19048.493600000005,inf
1/1/2005,111.1614,0,97.61046,10.343920973112958,1.3100390108570117,1,1,1,0,5.435100000000006,19159.655000000006,inf
2/1/2005,101.7795,0,99.16156000000001,10.252748991514732,0.2553402996763718,1,1,1,0,-9.381900000000002,19261.434500000007,inf
3/1/2005,98.9565,0,101.44762,8.046824578490993,-0.30957801747769065,1,1,1,0,-2.8229999999999933,19360.391000000007,inf
4/1/2005,86.4776,0,100.82026,9.234636478660471,-1.5531374768398551,1,1,1,0,-12.47890000000001,19446.868600000005,inf
5/1/2005,87.2234,0,97.11967999999999,10.409706471222234,-0.9506781029185003,1,1,1,0,0.7458000000000027,19534.092000000004,inf
6/1/2005,99.5076,0,94.78892,7.328335516132271,0.6438951914268254,1,1,1,0,12.284199999999998,19633.599600000005,inf
7/1/2005,108.3501,0,96.10304000000001,9.236082003913015,1.326001652520119,1,1,1,0,8.842500000000001,19741.949700000005,inf
8/1/2005,109.4862,0,98.20898,11.068114838670862,1.0188925724368658,1,1,1,0,1.136099999999999,19851.435900000004,inf
9/1/2005,99.1155,0,100.73655999999998,8.961945420108654,-0.1808826012667607,1,1,1,0,-10.3707,19950.551400000004,inf
10/1/2005,89.7567,0,101.24322,8.030164592149193,-1.4304214898944863,1,-1,1,0,-9.358800000000002,20040.308100000006,inf
11/1/2005,90.4587,0,99.43343999999999,9.41874660068984,-0.9528592689119247,1,-1,1,0,0.7019999999999982,20130.766800000005,inf
12/1/2005,108.2257,0,99.40856,9.389423110500793,0.9390502372972453,1,1,1,0,17.76700000000001,20238.992500000004,inf
1/1/2006,104.4724,0,98.4058,8.241678756176212,0.7360878990161754,1,1,1,0,-3.75330000000001,20343.464900000003,inf
2/1/2006,101.5196,0,98.88662000000001,8.362673195037956,0.31484908456811206,1,1,1,0,-2.9527999999999963,20444.984500000002,inf
3/1/2006,98.4017,0,100.61562,6.739245415252846,-0.3285115563515858,1,1,1,0,-3.1178999999999917,20543.3862,inf
4/1/2006,87.5093,0,100.02574000000001,7.882615731025232,-1.5878536296950885,1,1,1,0,-10.89240000000001,20630.895500000002,inf
5/1/2006,90.0222,0,96.38504,7.333152615553972,-0.8676813825617257,1,-1,1,0,2.512900000000002,20720.9177,inf
6/1/2006,100.5244,0,95.59544000000001,6.397501031106289,0.7704508332291191,1,1,1,0,10.502200000000002,20821.4421,inf
7/1/2006,110.9503,0,97.48158,9.308605040338012,1.4469106747610951,1,1,1,0,10.425899999999999,20932.3924,inf
8/1/2006,111.5192,0,100.10508,11.273807080884726,1.012445921604706,1,1,1,0,0.5688999999999993,21043.9116,inf
9/1/2006,95.7632,0,101.75586,9.420294308990924,-0.6361436069232447,1,1,1,0,-15.756,21139.6748,inf
10/1/2006,90.3738,0,101.82618,9.311492466409815,-1.229918838608654,1,-1,1,0,-5.389399999999995,21230.048600000002,inf
11/1/2006,92.3566,0,100.19261999999999,10.264639431660836,-0.7633994405911743,1,1,1,0,1.9827999999999975,21322.4052,inf
12/1/2006,103.066,0,98.61576,8.682561358723948,0.5125492140091306,1,1,1,0,10.709400000000002,21425.4712,inf
1/1/2007,112.0576,0,98.72344,8.883605839297815,1.5009851001059236,1,1,1,0,8.991599999999991,21537.5288,inf
2/1/2007,111.8399,0,101.93878,10.335137351869433,0.9580056522624809,1,1,1,0,-0.21769999999999357,21649.3687,inf
3/1/2007,99.1925,0,103.70252,8.448367502482775,-0.5338333114266897,1,1,1,0,-12.647400000000005,21748.5612,inf
4/1/2007,90.8177,0,103.39474,8.976562495911613,-1.401097581142918,1,-1,1,0,-8.374799999999993,21839.3789,inf
5/1/2007,92.0587,0,101.19328,10.325699724571045,-0.8846451324033126,1,1,1,0,1.2409999999999997,21931.4376,inf
6/1/2007,100.9676,0,98.97528,8.424668563332697,0.23648645463292492,1,1,1,0,8.908900000000003,22032.4052,inf
7/1/2007,107.5686,0,98.12102,6.866550475821616,1.37588444638493,1,1,1,0,6.600999999999999,22139.9738,inf
8/1/2007,114.1036,0,101.10324,9.98028901350089,1.3026035601187194,1,1,1,0,6.534999999999997,22254.0774,inf
9/1/2007,101.5316,0,103.24602,8.213682239532218,-0.20872733446499178,1,1,1,0,-12.572000000000003,22355.608999999997,inf
10/1/2007,93.0068,0,103.43563999999999,7.895632058803592,-1.3208366248996983,1,1,1,0,-8.524799999999999,22448.615799999996,inf
11/1/2007,93.9126,0,102.02464,9.000090094438324,-0.901328755032453,1,1,1,0,0.9057999999999993,22542.528399999996,inf
12/1/2007,106.7528,0,101.86148,8.881066735027206,0.5507581629477541,1,1,1,0,12.840199999999996,22649.281199999994,inf
1/1/2008,114.8331,0,102.00738,9.134828606602689,1.4040460475338885,1,1,1,0,8.080300000000008,22764.114299999994,inf
2/1/2008,108.2353,0,103.34812,9.530911247987103,0.5127715359884563,1,1,1,0,-6.5978000000000065,22872.349599999994,inf
3/1/2008,100.4386,0,104.83448000000001,7.966008315148017,-0.5518297026681348,1,1,1,0,-7.796700000000001,22972.788199999995,inf
4/1/2008,90.9944,0,104.25084,9.005364058882197,-1.4720604201364704,1,-1,1,0,-9.444199999999995,23063.782599999995,inf
5/1/2008,91.2348,0,101.14724,10.480722255312687,-0.9457783307801488,1,-1,1,0,0.24040000000000816,23155.017399999993,inf
6/1/2008,103.9581,0,98.97224,7.686468645809091,0.6486541778477758,1,1,1,0,12.723299999999995,23258.975499999993,inf
7/1/2008,110.7631,0,99.4778,8.489248279147354,1.3293638763894733,1,1,1,0,6.804999999999993,23369.738599999993,inf
8/1/2008,107.5665,0,100.90338,9.25488904239303,0.7199567676585703,1,1,1,0,-3.1965999999999894,23477.305099999994,inf
9/1/2008,97.7183,0,102.24816,7.834643713533298,-0.5781832800099477,1,1,1,0,-9.848200000000006,23575.023399999995,inf
10/1/2008,90.9979,0,102.20078,7.918168912823648,-1.4148321566942936,1,-1,1,0,-6.720399999999998,23666.021299999993,inf
11/1/2008,93.8057,0,100.1703,8.625029640529155,-0.7379221017505421,1,1,1,0,2.8078000000000003,23759.826999999994,inf
12/1/2008,109.4221,0,99.90209999999999,8.224859883305395,1.1574665264904338,1,1,1,0,15.616399999999999,23869.249099999994,inf
1/1/2009,116.8316,0,101.75512,10.969159125566858,1.3744426375272294,1,1,-1,0,7.409499999999994,23986.080699999995,inf
2/1/2009,104.4202,0,103.09549999999999,10.760035439765376,0.12311297740752537,1,1,1,0,-12.4114,24090.500899999995,inf
3/1/2009,97.8529,0,104.4665,9.1494285977326,-0.7228429545467971,1,1,1,0,-6.567299999999989,24188.353799999997,inf
4/1/2009,88.1973,0,103.34482,10.949789456286682,-1.3833617587325613,1,1,1,0,-9.655600000000007,24276.551099999997,inf
5/1/2009,87.5366,0,98.96772,12.214366764880047,-0.935874959385359,1,1,1,0,-0.6606999999999914,24364.087699999996,inf
6/1/2009,97.2387,0,95.04914,7.138942101110344,0.3067065076293938,1,1,1,0,9.702099999999987,24461.326399999998,inf
7/1/2009,103.9086,0,94.94682,6.972784528938622,1.2852512454395522,1,1,1,0,6.669900000000013,24565.234999999997,inf
8/1/2009,105.7486,0,96.52596000000001,8.518269056152548,1.082689445379597,1,1,1,0,1.8399999999999892,24670.983599999996,inf
9/1/2009,94.8823,0,97.86296,7.325312734826151,-0.40689866875297837,1,1,1,0,-10.866299999999995,24765.865899999997,inf
10/1/2009,89.2977,0,98.21518,6.722174127989118,-1.3265767637393213,1,1,1,0,-5.584599999999995,24855.163599999996,inf
11/1/2009,89.3585,0,96.63914000000001,7.8392961586488115,-0.9287364391722258,1,-1,1,0,0.06080000000000041,24944.522099999995,inf
12/1/2009,110.6844,0,97.9943,9.760382212034843,1.3001642481124078,1,1,1,0,21.32589999999999,25055.206499999993,inf
1/1/2010,119.0166,1,100.64789999999999,13.487588810643901,1.3618965003962837,1,1,-1,0,8.3322,25174.223099999992,inf
2/1/2010,110.533,0,103.77804,13.630337342230641,0.4955827453419821,1,1,1,0,-8.483599999999996,25284.75609999999,inf
3/1/2010,98.2672,0,105.57194,11.701956131263158,-0.6242323862832232,1,1,1,0,-12.265799999999999,25383.02329999999,inf
4/1/2010,86.3,0,104.96024,12.790663191094017,-1.4588954240459477,1,1,1,0,-11.967200000000005,25469.32329999999,inf
5/1/2010,90.8364,0,100.99064,13.622889628416093,-0.7453807728735606,1,-1,1,0,4.5364,25560.15969999999,inf
6/1/2010,104.3538,0,98.05808,9.819732147671152,0.6411295038727809,1,1,1,0,13.51740000000001,25664.51349999999,inf
7/1/2010,112.8066,0,98.5128,10.566100505863378,1.35279803481597,1,1,1,0,8.452799999999996,25777.32009999999,inf
8/1/2010,112.9014,0,101.43964,12.356268128687024,0.927606934442424,1,1,1,0,0.09479999999999222,25890.22149999999,inf
9/1/2010,100.1209,0,104.20382,9.287577304766142,-0.4396108765527841,1,1,1,0,-12.78049999999999,25990.34239999999,inf
10/1/2010,88.9251,0,103.82156,9.988207079001066,-1.491404801900625,1,1,1,0,-11.195800000000006,26079.26749999999,inf
11/1/2010,92.775,0,101.5058,11.112904763607336,-0.785645174301476,1,1,1,0,3.849900000000005,26172.042499999992,inf
12/1/2010,114.3266,0,101.8098,11.512920580157177,1.0871958955030958,1,1,1,0,21.551599999999993,26286.369099999993,inf
1/1/2011,119.488,1,103.12712000000002,13.33236537441901,1.2271550876779767,1,1,-1,0,5.1614,26405.857099999994,inf
2/1/2011,107.3753,0,104.578,13.31814811319529,0.2100367090247703,1,1,1,0,-12.112700000000004,26513.232399999994,inf
3/1/2011,99.1028,0,106.61353999999999,10.88278109942526,-0.6901489547002503,1,1,1,0,-8.272499999999994,26612.335199999994,inf
4/1/2011,89.3583,0,105.93019999999999,12.017102897329604,-1.3790262213434596,1,-1,1,0,-9.744500000000002,26701.693499999994,inf
5/1/2011,90.0698,0,101.07884,12.659160064277824,-0.8696501145495263,1,-1,1,0,0.7115000000000009,26791.763299999995,inf
6/1/2011,102.8204,0,97.74532,7.899231220631907,0.6424777118492822,1,1,1,0,12.750600000000006,26894.583699999996,inf
7/1/2011,114.7068,0,99.21162000000001,10.413891276175598,1.487933721321743,1,1,1,0,11.886399999999995,27009.290499999996,inf
8/1/2011,113.5958,0,102.11022,12.233968169895114,0.938827029831848,1,1,1,0,-1.1110000000000042,27122.886299999995,inf
9/1/2011,99.4712,0,104.1328,10.278359819543548,-0.4535353968768749,1,1,1,0,-14.124600000000001,27222.357499999995,inf
10/1/2011,90.3566,0,104.19015999999999,10.180594149066511,-1.3588165678197113,1,-1,1,0,-9.114599999999996,27312.714099999994,inf
11/1/2011,93.8095,0,102.38798,11.227428297789613,-0.7640645544526771,1,1,1,0,3.4528999999999996,27406.523599999993,inf
12/1/2011,107.3312,0,100.91286,9.565861009757914,0.6709631253739523,1,1,1,0,13.521699999999996,27513.854799999994,inf
1/1/2012,111.9646,0,100.58662000000001,9.038454164402598,1.2588413674554524,1,1,1,0,4.633400000000009,27625.819399999993,inf
2/1/2012,103.3679,0,101.36596,9.08610363703864,0.22032986635099408,1,1,1,0,-8.596699999999998,27729.187299999994,inf
3/1/2012,93.5772,0,102.01007999999999,8.179447399855745,-1.0309840735877474,1,1,1,0,-9.790700000000001,27822.764499999994,inf
4/1/2012,87.5566,0,100.7595,10.018074405293996,-1.3179079597395484,1,1,1,0,-6.020600000000002,27910.321099999994,inf
5/1/2012,92.7603,0,97.84532,9.7440365550939,-0.5218597006742242,1,1,1,0,5.203699999999998,28003.081399999995,inf
6/1/2012,101.14,0,95.68039999999999,6.477874827055998,0.8428072702481093,1,1,1,0,8.3797,28104.221399999995,inf
7/1/2012,113.0357,0,97.61395999999999,9.890234572193226,1.5592896091017727,1,1,1,0,11.895700000000005,28217.257099999995,inf
8/1/2012,109.8601,0,100.87054,10.861778246355733,0.8276324369829692,1,1,1,0,-3.175600000000003,28327.117199999997,inf
9/1/2012,96.7431,0,102.70784,8.585006011530043,-0.6947857685817688,1,1,1,0,-13.117000000000004,28423.860299999997,inf
10/1/2012,90.3805,0,102.23188,9.309758088801605,-1.2730062249690068,1,-1,1,0,-6.3626000000000005,28514.240799999996,inf
11/1/2012,94.3417,0,100.87222,9.981304331198738,-0.6542752112654691,1,1,1,0,3.961200000000005,28608.582499999997,inf
12/1/2012,105.2722,0,99.31952,8.029024480720334,0.741395173759135,1,1,1,0,10.930499999999995,28713.854699999996,inf
1/1/2013,115.501,0,100.44770000000001,10.027879313943034,1.5011449109752926,1,1,1,0,10.228800000000007,28829.355699999996,inf
2/1/2013,106.734,0,102.44587999999999,10.100288908095992,0.4245541923620441,1,1,1,0,-8.76700000000001,28936.089699999997,inf
3/1/2013,102.9948,0,104.96874,7.598801711981128,-0.25976990515329046,1,1,1,0,-3.7391999999999967,29039.084499999997,inf
4/1/2013,91.0092,0,104.30224000000001,8.8130700727957,-1.5083324982327253,1,-1,1,0,-11.985599999999991,29130.093699999998,inf
5/1/2013,90.9634,0,101.44048000000001,10.567832027999254,-0.991412427093959,1,-1,1,0,-0.04580000000001405,29221.057099999998,inf
6/1/2013,100.6957,0,98.47942,7.17170460992408,0.30903113284018247,1,1,1,0,9.73230000000001,29321.7528,inf
7/1/2013,110.148,0,99.16222,8.237414295275334,1.333644224535485,1,1,1,0,9.452299999999994,29431.9008,inf
8/1/2013,108.1756,0,100.19838,9.118719604857176,0.8748179948148485,1,1,1,0,-1.9723999999999933,29540.076399999998,inf
9/1/2013,99.2809,0,101.85272,7.6700835267294805,-0.3353053445946794,1,1,1,0,-8.8947,29639.3573,inf
10/1/2013,91.7871,0,102.01746,7.38113210849169,-1.3860150244744156,1,-1,1,0,-7.493800000000007,29731.1444,inf
11/1/2013,97.2853,0,101.33538,7.6851247216298875,-0.5270025076627565,1,1,1,0,5.498200000000011,29828.4297,inf
12/1/2013,113.4732,0,102.00042,8.71346056438009,1.3166731994977725,1,1,1,0,16.1879,29941.9029,inf
1/1/2014,124.2549,1,105.21628000000001,13.314633250375602,1.4299019463763991,-1,-1,-1,0,10.7817,30066.1578,inf
2/1/2014,112.8811,0,107.93632,13.187545983313498,0.3749583134160632,1,1,1,0,-11.373800000000003,30179.0389,inf
3/1/2014,104.7631,0,110.53152,10.13955348632317,-0.568902763596128,1,1,1,0,-8.11800000000001,30283.802,inf
4/1/2014,90.2867,0,109.1318,12.60789922786537,-1.4947057919331612,1,-1,1,0,-14.476399999999998,30374.0887,inf
5/1/2014,92.134,0,104.86395999999999,14.272715678104413,-0.8919087500305816,1,1,1,0,1.8473000000000042,30466.2227,inf
6/1/2014,101.878,0,100.38858,9.322069561369231,0.15977353421306467,1,1,1,0,9.744,30568.1007,inf
7/1/2014,108.5497,0,99.5223,7.974843919162717,1.131984536814332,1,1,1,0,6.671700000000001,30676.6504,inf
8/1/2014,108.194,0,100.20848,8.656944083047247,0.9224409818746458,1,1,1,0,-0.3556999999999988,30784.844399999998,inf
9/1/2014,100.4172,0,102.23458000000001,6.723971353449323,-0.27028372140040696,1,1,1,0,-7.776800000000009,30885.261599999998,inf
10/1/2014,92.3837,0,102.28452,6.630475350003733,-1.4932292901133282,1,1,1,0,-8.03349999999999,30977.645299999996,inf
11/1/2014,99.7033,0,101.84957999999999,6.7343223049544525,-0.31870764463128953,1,1,1,0,7.319599999999994,31077.348599999998,inf
12/1/2014,109.3477,0,102.00918,6.939150206401869,1.0575531270716243,1,1,1,0,9.644400000000005,31186.696299999996,inf
1/1/2015,120.2696,1,104.42429999999999,10.70787256438026,1.4797804049993462,1,1,-1,0,10.921899999999994,31306.965899999996,inf
2/1/2015,116.3788,0,107.61662000000001,11.559982962228275,0.7579751655889126,1,1,-1,0,-3.8907999999999987,31423.344699999994,inf
3/1/2015,104.4706,0,110.03400000000002,8.413824697187867,-0.6612212876100756,1,1,1,0,-11.908199999999994,31527.815299999995,inf
4/1/2015,89.7461,0,108.04256000000001,11.918642348145536,-1.5351127641519358,1,-1,1,0,-14.724500000000006,31617.561399999995,inf
5/1/2015,91.093,0,104.39161999999999,14.028128180980078,-0.9479967554068126,1,-1,1,0,1.346900000000005,31708.654399999996,inf
6/1/2015,102.6495,0,100.86760000000001,10.908536444684357,0.16334913570081153,1,1,1,0,11.5565,31811.303899999995,inf
7/1/2015,111.6354,0,99.91892,9.311725030143807,1.2582502127233732,1,1,1,0,8.9859,31922.939299999995,inf
8/1/2015,110.5925,0,101.1433,10.398856660951093,0.9086768197779705,1,1,1,0,-1.042900000000003,32033.531799999993,inf
9/1/2015,101.9204,0,103.57816,8.270578575469033,-0.20044063240230844,1,1,1,0,-8.6721,32135.452199999992,inf
10/1/2015,91.5959,0,103.67873999999999,8.081686592104855,-1.495088910253453,1,-1,1,0,-10.3245,32227.048099999993,inf
11/1/2015,93.0628,0,101.76140000000001,9.414251383142846,-0.9239821251826483,1,1,1,0,1.4668999999999954,32320.110899999992,inf
12/1/2015,103.2203,0,100.07838,7.825954383141175,0.40147435650383867,1,1,1,0,10.157499999999999,32423.331199999993,inf
1/1/2016,117.0837,0,101.37662,10.188097239769888,1.5417088814863682,1,1,-1,0,13.863399999999999,32540.414899999992,inf
2/1/2016,106.6688,0,102.32629999999999,10.46889814426557,0.4148001002740348,1,1,1,0,-10.414899999999989,32647.083699999992,inf
3/1/2016,95.3548,0,103.07808,9.605021807211438,-0.8040877110972694,1,1,-1,0,-11.314000000000007,32742.438499999993,inf
4/1/2016,89.3254,0,102.33059999999999,10.666097196491652,-1.2193025959183763,1,1,1,0,-6.029399999999995,32831.76389999999,inf
5/1/2016,90.7369,0,99.83391999999999,11.805907166626648,-0.7705481562412893,1,-1,1,0,1.4115000000000038,32922.500799999994,inf
6/1/2016,104.0375,0,97.22468,7.803721611962196,0.873021916819371,1,1,1,0,13.300599999999989,33026.53829999999,inf
7/1/2016,114.5397,0,98.79886,10.509764336701664,1.49773482027857,1,1,1,0,10.502200000000002,33141.077999999994,inf
8/1/2016,115.5159,0,102.83108,12.531205768879829,1.0122585355274958,1,1,1,0,0.9762000000000057,33256.59389999999,inf
9/1/2016,102.7637,0,105.51874000000001,10.119387808954043,-0.27225362363939026,1,1,1,0,-12.752200000000002,33359.357599999996,inf
10/1/2016,91.4867,0,105.66870000000002,9.847473677040615,-1.4401663274373964,1,-1,1,0,-11.277000000000001,33450.8443,inf
11/1/2016,92.89,0,103.4392,11.441939960951002,-0.9219765211146238,1,1,1,0,1.4033000000000015,33543.7343,inf
12/1/2016,112.7694,0,103.08514,11.032641338909166,0.8777825456761856,1,1,1,0,19.879400000000004,33656.503699999994,inf
1/1/2017,114.8505,0,102.95206,10.847673137268075,1.0968656456951973,1,1,1,0,2.081099999999992,33771.354199999994,inf
2/1/2017,99.4901,0,102.29733999999999,10.96009176663258,-0.25613289192947153,1,1,1,0,-15.360399999999998,33870.8443,inf
3/1/2017,101.0396,0,104.20792000000002,9.313361894987635,-0.34019079637667504,1,1,1,0,1.5494999999999948,33971.88389999999,inf
4/1/2017,88.353,0,103.30052,10.794919411788467,-1.384681017968207,1,1,1,0,-12.686599999999999,34060.236899999996,inf
5/1/2017,92.0805,0,99.16274,10.207156608625466,-0.6938504298067902,1,1,1,0,3.7275000000000063,34152.31739999999,inf
6/1/2017,102.1532,0,96.62328,6.069121350492674,0.9111566041682625,1,1,1,0,10.072699999999998,34254.47059999999,inf
7/1/2017,112.1538,0,99.15602,9.330614541497606,1.393025072699424,1,1,1,0,10.000600000000006,34366.62439999999,inf
8/1/2017,108.9312,0,100.73434,10.34156989039899,0.7926127354812816,1,1,1,0,-3.2226,34475.55559999999,inf
9/1/2017,98.6154,0,102.78681999999999,8.02996305981587,-0.5194818418125637,1,1,1,0,-10.31580000000001,34574.170999999995,inf
10/1/2017,93.6137,0,103.09346000000001,7.532793789691018,-1.2584653535814971,1,1,1,0,-5.0017,34667.7847,inf
11/1/2017,97.3359,0,102.13,7.978033303077104,-0.6009125078671871,1,1,1,0,3.722200000000001,34765.120599999995,inf
12/1/2017,114.7212,0,102.64348,8.822407607734265,1.3689823160530383,1,1,1,0,17.3853,34879.841799999995,inf
1/1/2018,129.4048,1,106.7382,15.034449357559069,1.5076441751159715,-1,-1,-1,0,14.683599999999998,35009.24659999999,inf
